name,quantity,total
401 - Composite Filling ,343,56663.05
7004 -  Implant Open Day Offer,38,41034.43
430 - Zirconium Crown,47,39308.72
2020 - All-on-4 Zirconia Bridge Single Arch ,6,35973.5
200 - Scale & Polish,324,24246.0
801 - Placement Of Implant,21,23419.41
2014 - Zirconia Implant Crown  ,26,22874.28
7006 - Zirconia Implant Crown Open day Offer,24,22146.0
black2 - *Offer black Friday implant placement,20,21680.12
2016 - All-on-4 Surgery Single Arch ,3,18606.07
2555 - GM Smile Package,5,17258.95
2009 - Extraction (simple),114,14964.4
2019 - All-on-4 PMMA Bridge Single Arch ,3,14088.0
5002 - **Offer** all on 4 single arch with fixed ZIRCONIA bridge with 10 teeth,3,12930.0
2034 - Invisalign Comprehensive ,3,12316.69
812 - Bone Graft,25,12162.4
Black All Zirc - *OFFER All on 4 Surgery Zirconia Final Bridge,2,11020.0
Black PMMA  - *OFFER All on 4 Surgery PMMA Final Bridge ,2,10980.0
2018 - All-on-4 Acrylic Bridge Single Arch ,2,10667.5
3000 - **Offer** all on 4 single arch PMMA bridge with 10 teeth,3,10449.0
5010 - **Offer** Zirconia implant crown,11,9450.0
1114 - Home Whitening,33,8714.0
2051 - Surgical Guide,26,8235.0
2559 - Fast Smile 6 Teeth,3,7261.73
2011 - Posterior Extraction,37,7259.0
1 - Emergency,136,7210.5
100 - Exam,160,7040.0
102 - New Patient Exam,136,6394.5
Black  - fixed teeth on the day ,3,5970.0
7001 - PMMA All-On-4 Open Day Offer,1,5901.12
809 - Implant - Bridge,7,5660.4
5011 - **Offer** Porcelain Implant Crown,7,5550.0
2558 - Fast Smile 4 Teeth,3,5502.72
2050 - All on 4 Fixed teeth on day of surgery,1,5500.0
5009 - **Offer** Implant placement,6,5391.3
2024 - Sinus Lift ,7,5250.0
2017 - All-on-6 Surgery Single Arch ,1,4990.0
920 - Bridge,1,3980.0
601 - Surgical/Wisdom Tooth Extraction,11,3700.4
101 - Exam & Scale & Polish ,37,3625.0
501 - RCT - Premolar Tooth ,9,3544.05
3001 - CBCT Single Arch ,28,3506.0
7007 - **Offer** Invisalign full with Vivera retainers,1,3500.0
2054 - Zirconia Implant Bridge (per unit),4,3400.0
2010 - Surgical Extraction ,14,3365.0
Advanced perio  - Advanced perio ,15,3335.0
12001 - Composite restoration large,10,3199.0
3002 - CBCT Dual Arch ,16,3184.0
5014 - Composite Bonding per tooth,12,3121.0
500 - RCT - Molar,6,3070.0
711 - Partial Chrome Denture,2,3050.0
2008 - RCT - Incisor/Canines,8,2768.0
5100 - Enlighten Whitening,4,2748.0
201 - Periodontal Scaling And Root Planing,11,2655.0
704 - Full Upper Acrylic Denture,2,2640.0
403 - Glass Ionomer,30,2539.8
210 - Bone Grafting,5,2514.0
Black 23  - *Offer Black Friday Zirconia Implant Crown ,3,2500.0
6548 - Fibre Reinforced Composite Large,7,2443.0
9999a - Flexidenture ,2,2350.0
5013 - **Offer** Fast Smile 6 Teeth,1,2240.0
419 - Gold Crown,3,2184.0
807 - Implant -  Temp Denture,6,2100.0
707 - Partial Acrylic Denture,3,2100.0
504 - Re-RCT,4,1966.24
107 - OPG Panoramic X-ray,32,1956.0
black zirconia  - *offer implant placement and zirconia crown ,1,1950.0
5020 - Implant temporary denture,6,1850.0
502 - RCT - Incisor & Canines,6,1728.8
2003 - Composite Bonding Lab Made,4,1700.0
9001 - Zirconia Bridge Abutment,2,1700.0
1063 - Crown Fit,1,1524.0
815 - Surgery Planning & CBCT Single,8,1521.0
"425 - Core Buildup, Including Any Pins",10,1500.0
910 - Maryland Bridge,3,1449.0
417 - Porcelain Bonded Crown,2,1400.0
12000 - Composite restoration medium,5,1250.0
705 - Full Lower Acrylic Denture,1,1000.0
816 - Surgery Planning & CBCT Dual,4,991.0
402 - Temporary Filling,13,979.5
2025 - Complex Bone Graft ,1,950.0
9990 - General Note,3,925.0
99992 - **offer exam/scale and polish ,9,891.0
712 - Tooth Addition to a Acrylic Denture,7,865.0
360 - Whitening gel,43,860.0
409 - Inlay/Onlay - Porcelain/Ceramic,1,850.0
9000 - Zirconia Bridge Pontic,1,850.0
7005 - Porcelain Implant Crown Open Day Offer,1,847.0
205 - Hygienist Direct Access,10,825.0
2005 - Emax Crown,1,750.0
5 - Smile Trial,2,700.0
2006 - RCT - Premolar Tooth (Upper),2,682.36
2600 - Extraction of a deciduous tooth,9,675.0
11 - Child Exam,25,625.0
415 - Crown ,6,600.0
423 - Post & Core,4,600.0
2029 - Vivera Retainer Single Arch ,2,600.0
2012 - Complex Extraction,2,539.0
1011 - Essix Retainer Upper,3,500.0
Perio Assesment - Perio Assesment,6,456.0
4000 - FTA,13,447.0
Amoxicillin 500mg ,43,430.0
422 - Recement Crown,7,415.0
503 - RCT First Stage,4,400.0
911 - Maryland Wing,4,360.0
600 - Extraction ,3,360.0
213 - Splints,3,360.0
1120 - Night Guard,2,355.5
1234 - imp all on x maintenance,2,300.0
203 - Hygiene 45,1,284.0
104 - Assessment & Advice,4,260.0
913 - Recement Bridge,3,232.2
202 - Hygiene 30,3,228.0
217 - Direct Access Airflow + Hygienist,2,212.0
TW tray fit - Whitening tray fit,2,211.0
110 - Periapical X-Ray,15,208.5
9999 - Other Treatment,1,200.0
TePe Interdental ,35,157.5
Metronidazole,10,150.0
1015 - Ortho Debond,1,150.0
1012 - Essix Retainer Lower,1,150.0
1041 - Repair To An Appliance Fitted By Another Dentist,1,120.0
Boutique whitening gel,5,100.0
12300 - Enamel Microabrasion,1,100.0
333333 - Polishing Composites,1,100.0
8888 - Failure to attend,2,80.0
411 - Recement Inlay/Onlay,1,80.0
218 - Airflow + Hygiene 30,1,80.0
4020 - Recement veneer,1,75.0
Duraphat 5000,5,69.0
300 - Topical Application Of Fluoride Varnish,3,59.0
204 - Hygiene 60,1,55.0
5023 - **Offer** OPG,5,50.0
Single tufted brush,15,42.0
105 - Bitewings,2,27.8
01 - Consultation,1,20.0
002 - Late cancellation fee,1,20.0
Peroxyll mouthwash,3,16.5
Interdental wisdom,5,14.0
Super floss,3,13.5
Corsodyl gel,4,10.8
Amoxicillin,1,10.0
Duraphat 2800,1,7.0
Duraphat 2800 ,1,7.0
Floss picks,1,5.5
Colgate Fluoriguard,1,5.0
